irrigation;agricultural land management
production;"agricultural land management;land use"
sustainable agriculture;"agricultural land management;sustainable land management"
agricultural land;agricultural landscape
agricultural productivity;"agricultural landscape;farming systems;farmers;"
agricultural policy;agricultural and rural legislation
livestock industry;agriculture
agricultural resources;"agriculture;agricultural landscape"
agricultural products;"agriculture;farming systems"
cadastral surveys;"cadastres;land administration"
sida;development agencies
agricultural product marketing;"farmers;agriculture"
agricultural mechanization;farming systems
agricultural equipment;farming systems
cultivation systems;farming systems
irrigation farming;farming systems
fertilizer industry;farming systems
pesticides;farming systems
farm management;"farming systems;agricultural land management"
food production;"food security;agricultural land management"
food industry;"food security;agricultural land management"
geographic information systems;geographical information systems
land settlement.;land access
land acquisition;land acquisitions
administracion de la tierra;land administration
cartography;"land administration;land use mapping"
environmental degradation;"land degradation;environment"
land legislation;"land law;land policies"
agricultural trade;"land markets;agricultural landscape;farmers"
land policy;land policies
settlement policy;land policies
economic policy;"land policies;sustainable development;poverty"
derechos a la tierra;land rights
droits a la terre;land rights
land titles;"land titling;title deed"
maps;land use mapping
physical planning;land use planning
rural planning;land use planning
agricultural planning;"land use planning;agricultural landscape"
natural resources;natural resources management
mineral resources development;natural resources management
natural resources policy;"natural resources management;land policies"
agricultural research;"research;agriculture"
agricultural development;rural development
population;"rural population;urban population"
development strategies;"sustainable development;development agencies"
economic development;"sustainable development;poverty"
urban land policy;"urban areas;land policies;land governance"
human settlements;"urban areas;rural population;urban population"
urbanisation;urbanization
women's rights;women
women in agriculture;"women;farmers"
climate change impact;climate change
GIS;geographical information systems
geographical information system;geographical information systems
adaptation;sustainable land management
biodiversity;agricultural land management
connectivity;urban areas
conservation;sustainable land management
ecosystem services;"environment;sustainable land management"
green infrastructure;"land use planning;sustainable land management;urban areas"
land cover change;"land cover;land cover mapping"
land tenure;"land tenure;land tenure systems"
land use change;land use
landscape archaeology;agricultural landscape
landscape;agricultural landscape
livelihoods;local community
remote sensing;"geomatics;geographical information systems"
urban expansion;"urban areas;urbanization"
urban planning;"urban areas;land use planning"
land use/land cover change;"land use;land cover"
land-use and land-cover change;"land use;land cover"
land use and land cover change;"land use;land cover"
land use/cover changes;"land use;land cover"
"land cover and land use(LULC)";"land use;land cover"
gender perspective;"women"
land-use change;land use
land transfer;land transfers
land taxation;land tax